feature_name,importance
ENSG00000230416.3,0.5926955
ENSG00000235160.2,0.568905
ENSG00000284699.1,0.55456334
ENSG00000254076.1,0.5521858
ENSG00000196361.10,0.5300765
ENSG00000243658.1,0.5191088
ENSG00000254054.3,0.5085197
ENSG00000177596.1,0.50130856
ENSG00000240980.1,0.48377243
ENSG00000205634.7,0.48245525
ENSG00000274355.1,0.48176938
ENSG00000279248.1,0.4787753
ENSG00000287223.1,0.47460026
ENSG00000229275.1,0.4606515
ENSG00000224928.2,0.45825464
ENSG00000254226.6,0.44850668
ENSG00000225233.2,0.4388988
ENSG00000232089.1,0.43824065
ENSG00000226947.1,0.43762147
ENSG00000287186.1,0.43722436
ENSG00000021355.13,0.43525463
ENSG00000277397.1,0.4281749
ENSG00000260254.1,0.42720082
ENSG00000223794.1,0.42691457
ENSG00000257634.1,0.42424637
ENSG00000264434.2,0.41601008
ENSG00000279859.2,0.4146826
ENSG00000206474.8,0.413628
ENSG00000287980.1,0.4121561
ENSG00000231491.2,0.40612605
ENSG00000273569.1,0.40478525
ENSG00000284825.1,0.4024025
ENSG00000250481.2,0.39889178
ENSG00000253354.2,0.39694464
ENSG00000287589.1,0.3924617
ENSG00000251698.1,0.39244702
ENSG00000226122.1,0.39027256
ENSG00000267313.7,0.38541588
ENSG00000263794.2,0.38471305
ENSG00000211801.3,0.38144034
ENSG00000257997.5,0.38143072
ENSG00000272937.2,0.38065675
ENSG00000188916.9,0.37840796
ENSG00000286908.1,0.37720343
ENSG00000270815.1,0.3764804
ENSG00000179008.9,0.37353477
ENSG00000234932.2,0.3724497
ENSG00000277174.1,0.3711897
ENSG00000266071.1,0.3709943
ENSG00000233674.2,0.37075433
ENSG00000224348.2,0.3698092
ENSG00000176239.7,0.36819705
ENSG00000243801.3,0.36736915
ENSG00000274591.1,0.3663631
ENSG00000262116.1,0.36398572
ENSG00000279189.1,0.3639421
ENSG00000283583.1,0.36373687
ENSG00000202063.1,0.36276177
ENSG00000287722.1,0.36222652
ENSG00000253942.1,0.3595795
ENSG00000261683.2,0.35874343
ENSG00000176887.7,0.35827065
ENSG00000202322.1,0.35745955
ENSG00000224109.3,0.35712028
ENSG00000255672.1,0.3566241
ENSG00000225036.1,0.35505688
ENSG00000205696.4,0.35330746
ENSG00000263375.1,0.3532513
ENSG00000134917.10,0.3524168
ENSG00000252650.1,0.35144407
ENSG00000278957.1,0.3511461
ENSG00000230047.1,0.35085553
ENSG00000254430.1,0.3505946
ENSG00000287790.1,0.35056278
ENSG00000260672.1,0.35038778
ENSG00000229313.1,0.3464794
ENSG00000226053.1,0.34632987
ENSG00000218020.3,0.34587955
ENSG00000206675.1,0.3454546
ENSG00000239992.1,0.3452632
ENSG00000236235.1,0.34519053
ENSG00000248942.3,0.34250665
ENSG00000224426.1,0.3422457
ENSG00000204174.8,0.34214517
ENSG00000260450.2,0.33921665
ENSG00000235461.2,0.33802116
ENSG00000207587.1,0.3378746
ENSG00000164744.13,0.33726966
ENSG00000168818.10,0.33704746
ENSG00000227610.1,0.33690324
ENSG00000286266.1,0.3366853
ENSG00000237806.1,0.33591276
ENSG00000271394.1,0.33586016
ENSG00000154198.14,0.3358572
ENSG00000183709.8,0.3326327
ENSG00000235707.2,0.33138734
ENSG00000240611.1,0.33007285
ENSG00000235683.1,0.32989275
ENSG00000264342.3,0.32849947
ENSG00000278012.1,0.3277423
ENSG00000257224.1,0.3249829
ENSG00000223715.3,0.32437143
ENSG00000286595.1,0.32286462
ENSG00000255312.1,0.32116666
ENSG00000282890.1,0.32079244
ENSG00000254300.1,0.3202822
ENSG00000242103.1,0.3195899
ENSG00000212424.1,0.3183316
ENSG00000206772.1,0.31610173
ENSG00000237085.2,0.31561625
ENSG00000087253.13,0.31491813
ENSG00000271559.1,0.31410426
ENSG00000140876.11,0.31318912
ENSG00000288069.1,0.3130158
ENSG00000253189.1,0.31296232
ENSG00000228784.9,0.31293556
ENSG00000230604.2,0.3128397
ENSG00000236885.2,0.312235
ENSG00000181358.3,0.3119713
ENSG00000142494.13,0.31071976
ENSG00000262106.1,0.3096242
ENSG00000251154.2,0.3087656
ENSG00000237498.3,0.30762467
ENSG00000249170.1,0.30760673
ENSG00000260970.1,0.30702347
ENSG00000239825.3,0.30648604
ENSG00000225997.1,0.30631423
ENSG00000232992.2,0.30573922
ENSG00000276897.1,0.3054013
ENSG00000226917.6,0.30494237
ENSG00000265863.1,0.30486518
ENSG00000237283.2,0.3042576
ENSG00000224353.2,0.30375895
ENSG00000286869.1,0.30272883
ENSG00000250668.2,0.30235612
ENSG00000237449.1,0.30227327
ENSG00000213708.6,0.30222595
ENSG00000237009.2,0.30217272
ENSG00000243674.1,0.3018574
ENSG00000233401.1,0.30174464
ENSG00000126778.12,0.30089244
ENSG00000260455.2,0.30053428
ENSG00000212568.1,0.29982427
ENSG00000286006.2,0.2992485
ENSG00000185231.5,0.29895923
ENSG00000171936.3,0.29847935
ENSG00000101977.21,0.2977343
ENSG00000264717.5,0.2975541
ENSG00000242423.2,0.29601583
ENSG00000252190.1,0.29566914
ENSG00000201782.1,0.2955041
ENSG00000265927.1,0.2954996
ENSG00000253397.1,0.29540825
ENSG00000201618.1,0.2952349
ENSG00000225156.2,0.29326972
ENSG00000248779.1,0.29291448
ENSG00000171450.6,0.29269946
ENSG00000250308.2,0.2925779
ENSG00000225352.1,0.29255098
ENSG00000225172.6,0.29240838
ENSG00000226034.2,0.29227307
ENSG00000284779.2,0.29215306
ENSG00000233123.1,0.29205304
ENSG00000268635.2,0.29190892
ENSG00000227335.1,0.2896442
ENSG00000243274.3,0.28743392
ENSG00000278317.1,0.28720683
ENSG00000225477.3,0.2869087
ENSG00000180152.3,0.28555512
ENSG00000224584.2,0.28441507
ENSG00000276759.2,0.2832605
ENSG00000251147.1,0.28286794
ENSG00000243072.1,0.28225574
ENSG00000254077.1,0.2822544
ENSG00000253894.2,0.28222615
ENSG00000237525.7,0.28157648
ENSG00000233733.1,0.28114647
ENSG00000253054.1,0.2810137
ENSG00000237720.2,0.2809382
ENSG00000235015.1,0.28071272
ENSG00000267591.1,0.280635
ENSG00000239327.1,0.27984312
ENSG00000241144.3,0.27978492
ENSG00000278895.1,0.27970836
ENSG00000248736.3,0.27925932
ENSG00000252688.1,0.27924067
ENSG00000236110.1,0.27911228
ENSG00000181693.8,0.27910653
ENSG00000235968.1,0.27794522
ENSG00000238833.1,0.27772626
ENSG00000271195.1,0.27728468
ENSG00000261209.1,0.27702343
ENSG00000223321.1,0.27688846
ENSG00000249318.1,0.2762161
ENSG00000183566.10,0.27616543
ENSG00000206731.1,0.27582833
ENSG00000234880.1,0.27568257
ENSG00000249844.1,0.27565145
ENSG00000254084.1,0.27552977
ENSG00000135052.16,0.2752063
ENSG00000235564.2,0.2748594
ENSG00000254351.1,0.2744727
ENSG00000240097.1,0.27424356
ENSG00000236054.1,0.2737976
ENSG00000233869.1,0.27223903
ENSG00000231653.1,0.27137926
ENSG00000267561.2,0.27137774
ENSG00000226209.1,0.27130023
ENSG00000236366.3,0.27078173
ENSG00000260664.2,0.26988775
ENSG00000112499.13,0.269667
ENSG00000280082.1,0.26954737
ENSG00000228559.2,0.26936018
ENSG00000287338.1,0.26877195
ENSG00000230090.5,0.26810917
ENSG00000286327.1,0.26789278
ENSG00000236460.1,0.26757243
ENSG00000275183.2,0.2669652
ENSG00000282961.1,0.26691827
ENSG00000278499.2,0.26678503
ENSG00000229701.1,0.26671746
ENSG00000244677.3,0.26665866
ENSG00000280015.1,0.26657677
ENSG00000250544.2,0.26643467
ENSG00000236634.1,0.26537266
ENSG00000229530.1,0.26469252
ENSG00000263571.3,0.26400402
ENSG00000232458.1,0.26392904
ENSG00000285402.1,0.26377675
ENSG00000204278.12,0.26365468
ENSG00000213590.2,0.26356336
ENSG00000270856.1,0.2635277
ENSG00000271624.1,0.26295152
ENSG00000171136.7,0.26277402
ENSG00000223294.1,0.26261196
ENSG00000218976.2,0.26225066
ENSG00000248660.1,0.26187503
ENSG00000257611.1,0.26143605
ENSG00000101489.20,0.2613294
ENSG00000234232.7,0.26105708
ENSG00000232688.2,0.26095945
ENSG00000253551.1,0.26071933
ENSG00000263609.2,0.26037997
ENSG00000184155.8,0.259272
ENSG00000258670.1,0.2592528
ENSG00000233651.2,0.2590372
ENSG00000226773.1,0.25854066
ENSG00000150281.7,0.25835577
ENSG00000111783.13,0.2582565
ENSG00000221845.4,0.2578112
ENSG00000287671.1,0.25742117
ENSG00000259016.1,0.2573714
ENSG00000201549.1,0.25691885
ENSG00000205830.1,0.25622112
ENSG00000239471.3,0.25620648
ENSG00000237076.1,0.25616658
ENSG00000164508.5,0.25562507
ENSG00000256372.1,0.25559694
ENSG00000236388.1,0.2552846
ENSG00000265433.1,0.25512224
ENSG00000203601.3,0.25506657
ENSG00000277509.1,0.25454843
ENSG00000230944.1,0.25438622
ENSG00000165131.8,0.25433633
ENSG00000213937.4,0.25411007
ENSG00000228915.3,0.2539834
ENSG00000251334.2,0.25360543
ENSG00000221996.6,0.25335976
ENSG00000254080.1,0.25315794
ENSG00000204398.5,0.25296777
ENSG00000272479.1,0.25281966
ENSG00000213091.2,0.25239524
ENSG00000259734.1,0.25119376
ENSG00000258098.2,0.25118497
ENSG00000250141.1,0.25034335
ENSG00000261191.1,0.25033426
ENSG00000188155.11,0.25013018
ENSG00000231776.5,0.2500717
ENSG00000243296.1,0.2494614
ENSG00000180974.4,0.24936454
ENSG00000262801.6,0.24882825
ENSG00000147255.19,0.24877991
ENSG00000223479.3,0.24870528
ENSG00000280446.1,0.2486786
ENSG00000274468.1,0.2484117
ENSG00000147889.18,0.24831845
ENSG00000285325.1,0.24803938
ENSG00000251423.3,0.24720286
ENSG00000258313.1,0.24711235
ENSG00000102580.15,0.24694265
ENSG00000255253.1,0.2463647
ENSG00000204175.5,0.24617447
ENSG00000104760.17,0.2461248
ENSG00000234941.1,0.24593854
ENSG00000283262.1,0.24571125
ENSG00000283343.1,0.2456372
ENSG00000265810.1,0.24539545
ENSG00000170180.22,0.24524742
ENSG00000231538.1,0.24482049
ENSG00000254293.1,0.2443146
ENSG00000228153.1,0.24414553
ENSG00000248701.1,0.24379899
ENSG00000274766.2,0.24372774
ENSG00000253470.1,0.2436096
ENSG00000279525.1,0.24332425
ENSG00000260903.3,0.24290222
ENSG00000277198.1,0.24262649
ENSG00000284708.1,0.24199733
ENSG00000212279.2,0.24198274
ENSG00000166152.4,0.24131195
ENSG00000236109.2,0.24032289
ENSG00000277975.1,0.24005087
ENSG00000224854.3,0.2400432
ENSG00000137842.7,0.23926115
ENSG00000287793.1,0.23802765
ENSG00000287392.1,0.23795177
ENSG00000235612.1,0.23788555
ENSG00000217680.1,0.23784477
ENSG00000264013.1,0.23773685
ENSG00000143797.12,0.23769596
ENSG00000271582.1,0.23687968
ENSG00000197273.4,0.23653492
ENSG00000257672.2,0.23628823
ENSG00000228898.1,0.23626848
ENSG00000229522.1,0.23614256
ENSG00000277099.1,0.23587897
ENSG00000258993.1,0.23566325
ENSG00000250432.5,0.23530783
ENSG00000280341.1,0.23510474
ENSG00000285498.1,0.23493165
ENSG00000284725.1,0.23476374
ENSG00000230115.1,0.23466358
ENSG00000230573.1,0.23445182
ENSG00000185074.7,0.23377441
ENSG00000181705.2,0.23373958
ENSG00000263862.2,0.23362245
ENSG00000278128.2,0.23318367
ENSG00000222376.1,0.23235565
ENSG00000270492.1,0.23230548
ENSG00000125657.5,0.2319745
ENSG00000212551.2,0.2317926
ENSG00000286916.1,0.23162493
ENSG00000248599.2,0.23161061
ENSG00000272243.6,0.23150519
ENSG00000213301.2,0.23147477
ENSG00000231236.2,0.23131353
ENSG00000223421.1,0.23102863
ENSG00000114113.6,0.23077965
ENSG00000233236.1,0.23064609
ENSG00000239555.3,0.23061037
ENSG00000223679.1,0.23043916
ENSG00000201583.1,0.23035641
ENSG00000222397.1,0.23033258
ENSG00000286736.1,0.2301855
ENSG00000279475.1,0.23013248
ENSG00000255534.1,0.22992605
ENSG00000271026.1,0.22987424
ENSG00000277241.1,0.22982319
ENSG00000198910.14,0.22961484
ENSG00000199872.1,0.22946203
ENSG00000135046.14,0.22906382
ENSG00000222346.1,0.22903673
ENSG00000261038.1,0.22861311
ENSG00000226921.7,0.22819957
ENSG00000237621.4,0.22682604
ENSG00000242753.2,0.22675176
ENSG00000270978.1,0.22662917
ENSG00000248758.1,0.22643249
ENSG00000230796.1,0.22627066
ENSG00000256085.1,0.22622028
ENSG00000285169.2,0.2261737
ENSG00000278205.1,0.22609587
ENSG00000265885.2,0.22573419
ENSG00000234595.1,0.22573325
ENSG00000215873.2,0.2256289
ENSG00000224715.1,0.22548974
ENSG00000248518.1,0.22548953
ENSG00000229500.1,0.22502409
ENSG00000286203.1,0.22488381
ENSG00000261182.1,0.22479881
ENSG00000255083.2,0.22465186
ENSG00000147081.15,0.22445008
ENSG00000182334.3,0.22434959
ENSG00000252454.3,0.22419256
ENSG00000253927.1,0.22392584
ENSG00000199168.3,0.22371268
ENSG00000287499.1,0.22360773
ENSG00000074211.14,0.22357967
ENSG00000249362.2,0.2229351
ENSG00000197475.11,0.2229144
ENSG00000237596.7,0.22283937
ENSG00000262974.1,0.22272018
ENSG00000240086.7,0.22247413
ENSG00000206833.1,0.22155091
ENSG00000227148.1,0.221545
ENSG00000227368.1,0.22152188
ENSG00000250974.4,0.22111829
ENSG00000199321.1,0.2208468
ENSG00000201270.1,0.22070327
ENSG00000224640.1,0.22064981
ENSG00000254769.4,0.22052635
ENSG00000259393.2,0.22043133
ENSG00000252338.1,0.22010826
ENSG00000237515.9,0.21995696
ENSG00000283157.1,0.21993034
ENSG00000229281.1,0.21950775
ENSG00000258433.2,0.21937132
ENSG00000100417.12,0.21922642
ENSG00000287068.1,0.2188978
ENSG00000199158.1,0.21883494
ENSG00000206846.1,0.21822277
ENSG00000256643.1,0.21812773
ENSG00000255368.1,0.21798751
ENSG00000229373.9,0.21791643
ENSG00000109501.14,0.21780865
ENSG00000199936.1,0.21759208
ENSG00000287157.1,0.217236
ENSG00000259398.1,0.21678533
ENSG00000223308.1,0.21656165
ENSG00000135824.12,0.21651155
ENSG00000279712.1,0.2165046
ENSG00000172967.7,0.21648678
ENSG00000234894.1,0.21643384
ENSG00000224761.4,0.21641001
ENSG00000254734.1,0.2164014
ENSG00000240804.1,0.21619646
ENSG00000287323.1,0.21615171
ENSG00000249041.1,0.21572123
ENSG00000248826.2,0.21563889
ENSG00000286578.1,0.21524258
ENSG00000203995.10,0.21517284
ENSG00000235943.1,0.21507534
ENSG00000229909.1,0.21465042
ENSG00000229452.1,0.21451063
ENSG00000200630.1,0.21449535
ENSG00000287498.1,0.21382052
ENSG00000100385.14,0.2137597
ENSG00000255808.1,0.21341066
ENSG00000250072.6,0.21330293
ENSG00000286436.1,0.21322538
ENSG00000220831.4,0.21305165
ENSG00000240959.1,0.21254101
ENSG00000222468.1,0.21227397
ENSG00000199090.1,0.21218225
ENSG00000082175.15,0.21195771
ENSG00000254081.2,0.21191272
ENSG00000136487.18,0.21179949
ENSG00000251935.1,0.21164003
ENSG00000199601.1,0.211501
ENSG00000227290.2,0.2113518
ENSG00000254431.1,0.21116745
ENSG00000270611.1,0.211058
ENSG00000116544.12,0.21097912
ENSG00000183862.5,0.210957
ENSG00000196143.4,0.2108588
ENSG00000265682.1,0.2108553
ENSG00000215000.4,0.21077438
ENSG00000265217.2,0.21073279
ENSG00000240498.9,0.21029234
ENSG00000271136.1,0.21013266
ENSG00000201288.1,0.20991485
ENSG00000251283.1,0.20988867
ENSG00000227416.2,0.2097689
ENSG00000168925.12,0.20971005
ENSG00000254067.2,0.20964518
ENSG00000263125.1,0.20963384
ENSG00000214434.2,0.20954667
ENSG00000273706.5,0.20944482
ENSG00000234481.2,0.2093148
ENSG00000261963.3,0.20930754
ENSG00000224949.2,0.20929924
ENSG00000227358.1,0.20924288
ENSG00000288523.1,0.20904157
ENSG00000261624.1,0.20895793
ENSG00000231912.2,0.20887542
ENSG00000271459.1,0.20884436
ENSG00000278990.1,0.20875812
ENSG00000253583.1,0.20868963
ENSG00000239078.1,0.20855932
ENSG00000227769.7,0.20854977
ENSG00000250769.2,0.20847273
ENSG00000252258.1,0.20831563
ENSG00000200794.1,0.20817752
ENSG00000234723.1,0.20814876
ENSG00000249691.1,0.20811091
ENSG00000234726.1,0.20786296
ENSG00000251347.2,0.2076597
ENSG00000243005.3,0.20764753
ENSG00000274242.1,0.20719825
ENSG00000206867.1,0.20713949
ENSG00000145526.12,0.20713082
ENSG00000244358.1,0.20709318
ENSG00000184788.14,0.20686351
ENSG00000271635.1,0.2065478
ENSG00000231404.2,0.20653073
ENSG00000225842.1,0.20643339
ENSG00000270002.1,0.20607097
ENSG00000224194.1,0.20601858
ENSG00000248268.1,0.2058412
ENSG00000258750.2,0.20548528
